{
  "created_utc": "2026-03-13T18:00:13.497897Z",
  "feature_count": 20,
  "model": "stat_draft_projection",
  "version": 1,
  "weights": {
    "ast_per": 0.04031301847436757,
    "blk_per": 0.10215108095404046,
    "bpm": 0.20542448326931534,
    "dbpm": 0.18154835848862802,
    "drb_per": 0.0725655832702097,
    "dunks_100_bt": 0.17473617665826294,
    "ftr": 0.05947070856305557,
    "onoff_net_rating": 0.126197647867502,
    "orb_per": 0.07053121682262498,
    "rapm": 0.22091240567383408,
    "rim_assists_100_btposs": 0.04332264937310795,
    "rim_att_100_bt": 0.11391392987118257,
    "rsci": 0.19075036929058425,
    "stl_per": 0.09245087410813677,
    "threepa100": 0.028713842816077507,
    "to_per": 0.07072502451872588,
    "tp_per": 0.047951280983074426,
    "ts_per": 0.13737924979244845,
    "twop_per": 0.13903795382108178,
    "usg": 0.11979780947075797
  }
}